# Redirects from what the browser requests to what we serve
# old post URL on the left new post URL on the right with only 1 space in between.








# /nft/guide-to-nun-fungible-tokens/ /learn/

# /nft/cheap-way-to-make-nft/ /learn/

# /nft/how-to-create-nft-and-sell-on-opensea/ /learn/

# /nft/create-nft-opensea/ /learn/




#  Redirects

/learn/how-to-use-ai-art-generator/ /learn/ai-art-generator-from-text/ 301

/nft/advantages-virtual-nft-museums/ /learn/nft-virtual-museum/ 301


/nft/how-to-use-ai-art-generator/ /learn/how-to-use-ai-art-generator/ 301
/nft/common-nft-scams/ /learn/nft-scams/ 301


/nft/ /learn/ 301

/nft/software-to-create-nft-art/ /learn/software-to-create-nft-art/ 301
/nft/programs-for-creating-nft-art/ /learn/software-to-create-nft-art/ 301


https://thelazynfter.blog/html/head/title https://thelazynfter.blog/ 301
https://thelazynfter.blog/license/ https://thelazynfter.blog/disclaimer/ 301

https://thelazynfter.blog/ai https://thelazynfter.blog/ 301
https://thelazynfter.blog/offline/ https://thelazynfter.blog/ 301
https://thelazynfter.blog/ai/ https://thelazynfter.blog/  301
